PK;NOMBRE;DESCRIPCION-ENTIDAD;HORARIO;EQUIPAMIENTO;TRANSPORTE;DESCRIPCION;ACCESIBILIDAD;CONTENT-URL;NOMBRE-VIA;CLASE-VIAL;TIPO-NUM;NUM;PLANTA;PUERTA;ESCALERAS;ORIENTACION;LOCALIDAD;PROVINCIA;CODIGO-POSTAL;BARRIO;DISTRITO;COORDENADA-X;COORDENADA-Y;LATITUD;LONGITUD;TELEFONO;FAX;EMAIL;TIPO;
7805;"Centro de Turismo Plaza Mayor";"Madrid cuenta en el Salon de Columnas de la Casa de la Panaderia de la centrica Plaza Mayor con uno de los mas modernos centros turisticos del pais que ofrece atencion especializada con una plantilla de profesionales expertos en turismo e idiomas que atiende personalmente a los visitantes y da respuesta tambien a todas las peticiones de informacion que se realizan de manera no presencial.  Centro de turismo cofinanciado por el Fondo Europeo de Desarrollo Regional.";"Horario de atencion al publico de 9:30 a 21:30 horas, todos los dias del ano.";"Atencion presencial  / Especial idiomas asiaticos y ruso   Atencion especializada    Autoconsulta    Tienda de Madrid    Accesibilidad:    Lengua de Signos Espanola    Bucles magneticos (3)    Encaminamientos podotactiles    Apoyos isquiaticos    Plano haptico    Mostrador adaptado    Guia de Turismo Accesible (en CD)      area tecnologica: A udiovisuales";"Metro: Sol (lineas 1, 2, 3), opera (linea 2, 5, Ramal)  Bus: 3, 5, 6, 15, 17, 18, 20, 23, 31, 32, 35, 50, 51, 52, 53, 65, 150  Renfe: Sol";"";"1";"http://www.madrid.es/sites/v/index.jsp?vgnextchannel=9e4c43db40317010VgnVCM100000dc0ca8c0RCRD&vgnextoid=b0a093e5fd61c010VgnVCM1000000b205a0aRCRD";"MAYOR";"PLAZA";"V";"27";"";"";"";"Casa de la Panaderia";"MADRID";"MADRID";"28012";"SOL";"CENTRO";"440092";"4474361";"40.41583855082183";"-3.7074257084323636";"915 787 810                          ";"";"turismo@esmadrid.com";"/contenido/entidadesYorganismos/OficinasTurismo"; 
7846;"Delegacion de la Generalitat de Cataluna. Oficina de Turismo";"";"";"";"Metro: Banco de Espana (linea 2)  Bus: 5 , 9 , 52 , 53 , 146 , 150";"";"0";"http://www.madrid.es/sites/v/index.jsp?vgnextchannel=9e4c43db40317010VgnVCM100000dc0ca8c0RCRD&vgnextoid=5c4c19d41471c010VgnVCM1000000b205a0aRCRD";"ALCALA";"CALLE";"V";"44";"";"";"";"";"MADRID";"MADRID";"28014";"CORTES";"CENTRO";"441066";"4474616";"40.4182053857487";"-3.6959697554881874";"915 241 892 (Oficina de turismo)          
";"";"turisme.blanquerna@gencat.cat";"/contenido/entidadesYorganismos/OficinasTurismo"; 
75606;"Oficina Central de Reservas e Informacion de la Comunidad de Madrid";"";"Horario de atencion al publico: de lunes a viernes de 9 a 14 horas";"";"Metro: Colon (linea 4), Banco de Espana (linea 2)  Bus: 1, 5, 9, 14, 19, 27, 37, 45, 51, 53, 74, 150  Renfe: Recoletos (lineas C1, C2, C7)";"";"0";"http://www.madrid.es/sites/v/index.jsp?vgnextchannel=9e4c43db40317010VgnVCM100000dc0ca8c0RCRD&vgnextoid=aff896e2cf41c010VgnVCM2000000c205a0aRCRD";"RECOLETOS";"PASEO";"V";"14";"";"";"";"ESQUINA CALLE RECOLETOS, 1";"MADRID";"MADRID";"28001";"RECOLETOS";"SALAMANCA";"441484";"4475090";"40.422504962784785";"-3.691086697178336";"912 767 478";"";"";"/contenido/entidadesYorganismos/OficinasTurismo"; 
7836;"Oficina Joven Comunidad de Madrid. TIVE. Calle de Fernando el Catolico";"";"Horario: lunes a viernes, de 9 a 14 horas, entre el 1 de octubre y el 31 de marzo, y de 9 a 19 horas entre el 1 de abril y el 30 de septiembre.";"Obtencion de carnets internacionales  Estudiante  (ISIC)   Profesor  (ITIC)   International Youth Travel Card (IYTC)  Albergues Juveniles  Carne Joven    Reservas en albergues juveniles internacionales  Cursos de idiomas en el extranjero  Seguros de viajes  Billetes de bus nacional e internacional  Billetes de tren nacional y emision de billetes interRail  Oficina de Informacion Juvenil  Preinscripciones e inscripciones de participantes en campanas de la Direccion General de Juventud";"Metro: Moncloa (lineas 3, 6)  Bus: 1, 44, 82, 83, 132, 133, C1";"";"0";"http://www.madrid.es/sites/v/index.jsp?vgnextchannel=9e4c43db40317010VgnVCM100000dc0ca8c0RCRD&vgnextoid=397e19d41471c010VgnVCM1000000b205a0aRCRD";"FERNANDO EL CATOLICO";"CALLE";"V";"88";"";"";"";"";"MADRID";"MADRID";"28015";"GAZTAMBIDE";"CHAMBERI";"439229";"4476431";"40.43442331966472";"-3.717795251173153";"915 437 412";"915 440 062";"tive.juventud@madrid.org";"/contenido/entidadesYorganismos/OficinasTurismo"; 
4917035;"Oficina Joven Comunidad de Madrid. TIVE. Calle de Recoletos";"";"De lunes a viernes de 9 a 14 horas";"Obtencion de carnets internacionales  Estudiante  (ISIC)   Profesor  (ITIC)       International Youth Travel Card   (IYTC)   Albergues Juveniles  Carne Joven    Oficina de Informacion Juvenil";"Bus: 1, 5, 9, 14, 19, 27, 37, 45, 51, 53, 74, 150";"";"0";"http://www.madrid.es/sites/v/index.jsp?vgnextchannel=9e4c43db40317010VgnVCM100000dc0ca8c0RCRD&vgnextoid=145f8558aa00a110VgnVCM1000000b205a0aRCRD";"RECOLETOS";"CALLE";"V";"1";"";"";"";"c/v paseo de Recoletos, 14";"MADRID";"MADRID";"28001";"RECOLETOS";"SALAMANCA";"441496";"4475070";"40.42232563847626";"-3.6909434067579525";"901 510 610 / 912 767 563";"";"";"/contenido/entidadesYorganismos/OficinasTurismo"; 
10127255;"Oficina de Turismo de Andalucia.";"";"";"";"Metro: Goya (lineas 2, 4)  Bus: 15, 26, 61, 146, 152, 215, C1";"";"0";"http://www.madrid.es/sites/v/index.jsp?vgnextchannel=9e4c43db40317010VgnVCM100000dc0ca8c0RCRD&vgnextoid=d0abc974d4ae6510VgnVCM1000001d4a900aRCRD";"FELIPE II";"AVENIDA";"V";"15";"I";"";"";"";"MADRID";"MADRID";"28009";"GOYA";"SALAMANCA";"442950";"4475264";"40.424183525039";"-3.673810495427334";"912 031 200";"";"otmadrid@andalucia.org";"/contenido/entidadesYorganismos/OficinasTurismo"; 
27402;"Oficina de Turismo de Andorra";"";"";"";"Metro: Retiro (linea 2)  Bus: 1, 2, 9, 15, 19, 20, 28, 51, 52, 74, 146  Cercanias: Recoletos";"";"0";"http://www.madrid.es/sites/v/index.jsp?vgnextchannel=9e4c43db40317010VgnVCM100000dc0ca8c0RCRD&vgnextoid=eb68444a2951c010VgnVCM2000000c205a0aRCRD";"ALCALA";"CALLE";"V";"73";"";"";"";"";"MADRID";"MADRID";"28009";"RECOLETOS";"SALAMANCA";"441795";"4474861";"40.420463942385524";"-3.6873880759267004";"914 317 453";"915 776 341";"";"/contenido/entidadesYorganismos/OficinasTurismo"; 
8132913;"Oficina de Turismo de Austria";"";"";"";"Metro: Plaza de Espana (lineas 3, 10)  Bus: 1, 2, 3, 25, 39, 44, 46, 74, 75, 133, 138, 148, C1, C2";"";"0";"http://www.madrid.es/sites/v/index.jsp?vgnextchannel=9e4c43db40317010VgnVCM100000dc0ca8c0RCRD&vgnextoid=b659eddb85d6e410VgnVCM1000000b205a0aRCRD";"JUAN ALVAREZ MENDIZABAL";"CALLE";"V";"1";"6";"";"";"";"MADRID";"MADRID";"28008";"ARGUELLES";"MONCLOA-ARAVACA";"439559";"4475218";"40.42352919018361";"-3.7137893492193244";"915 426 832";"";"";"/contenido/entidadesYorganismos/OficinasTurismo"; 
127469;"Oficina de Turismo de Brasil";"";"De lunes a viernes de 10:30 a 13:30 horas";"";"Metro: Alonso Martinez (lineas 4, 5, 10), Ruben Dario (linea 5)  Bus: 3, 5, 7, 14, 21, 27, 37, 40, 45, 147, 150";"";"0";"http://www.madrid.es/sites/v/index.jsp?vgnextchannel=9e4c43db40317010VgnVCM100000dc0ca8c0RCRD&vgnextoid=b15d47048781c010VgnVCM1000000b205a0aRCRD";"ALMAGRO";"CALLE";"V";"28";"2";"";"";"";"MADRID";"MADRID";"28010";"ALMAGRO";"CHAMBERI";"441348";"4475943";"40.43017960044132";"-3.692768600492918";"917 020 689";"";"secom.madrid@itamaraty.gov.br";"/contenido/entidadesYorganismos/OficinasTurismo"; 
7844;"Oficina de Turismo de Castilla - Leon";"";"";"";"Metro: Retiro (linea 2)  Bus: 1 , 2 , 15 , 19 , 20 , 28 , 51 , 52 , 74 , 146";"";"0";"http://www.madrid.es/sites/v/index.jsp?vgnextchannel=9e4c43db40317010VgnVCM100000dc0ca8c0RCRD&vgnextoid=c93c19d41471c010VgnVCM1000000b205a0aRCRD";"ALCALa";"CALLE";"V";"105";"";"";"";"";"MADRID";"MADRID";"28009";"RECOLETOS";"SALAMANCA";"442183";"4475003";"40.42177018095319";"-3.6828394778643716";"915 780 324";"";"";"/contenido/entidadesYorganismos/OficinasTurismo"; 
7843;"Oficina de Turismo de China";"";"";"";"Metro: Callao (lineas 3, 5)  Bus: 1, 2, 44, 46, 74, 75, 133, 146, 147, 148, M2";"";"0";"http://www.madrid.es/sites/v/index.jsp?vgnextchannel=9e4c43db40317010VgnVCM100000dc0ca8c0RCRD&vgnextoid=0dad19d41471c010VgnVCM1000000b205a0aRCRD";"GRAN VIA";"CALLE";"V";"39";"8";"Izqda";"";"";"MADRID";"MADRID";"28013";"SOL";"CENTRO";"440273";"4474832";"40.42009464369331";"-3.705324957516307";"915 480 011 ";"915 480 597";"turismodechina@gmail.com";"/contenido/entidadesYorganismos/OficinasTurismo"; 
7837;"Oficina de Turismo de Cuba";"";"Consultar telefonicamente";"";"Metro: Santiago Bernabeu (linea 10)  Bus: 14, 43, 120, 150";"";"0";"http://www.madrid.es/sites/v/index.jsp?vgnextchannel=9e4c43db40317010VgnVCM100000dc0ca8c0RCRD&vgnextoid=048c19d41471c010VgnVCM1000000b205a0aRCRD";"HABANA";"PASEO";"V";"50";"Bajo";"D";"";"";"MADRID";"MADRID";"28036";"EL VISO";"CHAMARTIN";"441898";"4478247";"40.4509737804771";"-3.6864959795755223";"914 113 097";"";"info@descubracuba.es";"/contenido/entidadesYorganismos/OficinasTurismo"; 
7814;"Oficina de Turismo de Francia";"";"";"";"Metro: Serrrano (linea 4)  Bus: 1, 5, 9, 14, 19, 21, 27, 45, 51, 53, 74, 150";"Otra pagina web:  http://www.latiendadefrancia.es/";"0";"http://www.madrid.es/sites/v/index.jsp?vgnextchannel=9e4c43db40317010VgnVCM100000dc0ca8c0RCRD&vgnextoid=bbbc19d41471c010VgnVCM1000000b205a0aRCRD";"SERRANO";"CALLE";"V";"40";"2";"Dcha.";"";"";"MADRID";"MADRID";"28001";"RECOLETOS";"SALAMANCA";"441788";"4475478";"40.42603070001693";"-3.68752726535081";"915 489 737 (Informacion)           
";"";"";"/contenido/entidadesYorganismos/OficinasTurismo"; 
8132923;"Oficina de Turismo de Gran Bretana";"";"";"";"Metro: Chamartin (lineas 1, 10)  Bus: 66, 67, 124,134, 135, 147, 173, 174, 176, 178, T62  Renfe: Chamartin";"Otra pagina web:  www.visitbritainshop.es";"0";"http://www.madrid.es/sites/v/index.jsp?vgnextchannel=9e4c43db40317010VgnVCM100000dc0ca8c0RCRD&vgnextoid=fc37eddb85d6e410VgnVCM1000000b205a0aRCRD";"CASTELLANA";"PASEO";"V";"259";"";"";"Torre Espacio";"";"MADRID";"MADRID";"28046";"LA PAZ";"FUENCARRAL-EL PARDO";"441853";"4481016";"40.47592404926307";"-3.6872691224974417";"917 146 497";"917 146 495";"";"/contenido/entidadesYorganismos/OficinasTurismo"; 
6416785;"Oficina de Turismo de Guatemala";"";"De 9 a 14 horas y de 15 a 17:30 horas";"";"Metro: Colon (linea 4)  Bus: 5, 14, 27, 45, 150";"";"0";"http://www.madrid.es/sites/v/index.jsp?vgnextchannel=9e4c43db40317010VgnVCM100000dc0ca8c0RCRD&vgnextoid=df5f44e4373f6310VgnVCM1000000b205a0aRCRD";"FERNANDO EL SANTO";"CALLE";"V";"27";"3";"B";"";"";"MADRID";"MADRID";"28010";"ALMAGRO";"CHAMBERI";"441530";"4475712";"40.42811147922819";"-3.69060179113649";"913 440 347 / 913 441 417";"";"turismo@embajadadeguatemala.es";"/contenido/entidadesYorganismos/OficinasTurismo"; 
8132990;"Oficina de Turismo de Holanda";"";"";"";"Metro: Cuzco (linea 10)  Bus: 5, 11, 27, 40, 147, 149";"Otra pagina web:  www.nbtc.nl";"0";"http://www.madrid.es/sites/v/index.jsp?vgnextchannel=9e4c43db40317010VgnVCM100000dc0ca8c0RCRD&vgnextoid=d320ac7ab6d6e410VgnVCM1000000b205a0aRCRD";"CASTELLANA";"PASEO";"V";"141";"19";"";"";"DESPACHO 17";"MADRID";"MADRID";"28046";"LA PAZ";"FUENCARRAL-EL PARDO";"441853";"4481016";"40.47592404926307";"-3.6872691224974417";"917 498 082";"915 707 199";"";"/contenido/entidadesYorganismos/OficinasTurismo"; 
10189069;"Oficina de Turismo de Hungria";"";"";"";"";"";"0";"http://www.madrid.es/sites/v/index.jsp?vgnextchannel=9e4c43db40317010VgnVCM100000dc0ca8c0RCRD&vgnextoid=61514e5f9d258510VgnVCM1000001d4a900aRCRD";"";"";"V";"";"";"";"";"";"";"";"28014";"";"";"440976";"4474277";"40.41515412751355";"-3.696999116580025";"915 569 348";"";"hungria@hungriaturismo.com";"/contenido/entidadesYorganismos/OficinasTurismo"; 
7821;"Oficina de Turismo de Irlanda";"";"De lunes a viernes de 10 a 14 horas";"";"Metro: Ruben Dario (linea 5)  Bus: 5, 7, 9, 14, 16, 19, 27, 40, 45, 51, 61, 147, 150";"";"0";"http://www.madrid.es/sites/v/index.jsp?vgnextchannel=9e4c43db40317010VgnVCM100000dc0ca8c0RCRD&vgnextoid=f50d19d41471c010VgnVCM1000000b205a0aRCRD";"CASTELLANA";"PASEO";"V";"46";"2";"";"";"";"MADRID";"MADRID";"28046";"CASTELLANA";"SALAMANCA";"441766";"4476386";"40.43419977951646";"-3.6878816351465096";"917 456 420";"";"info@turismodeirlanda.com";"/contenido/entidadesYorganismos/OficinasTurismo"; 
39693;"Oficina de Turismo de Iran";"";"";"";"Metro: Avenida de America (lineas 4, 6, 7, 9)  Bus: 9, 12, 16, 19, 51";"";"0";"http://www.madrid.es/sites/v/index.jsp?vgnextchannel=9e4c43db40317010VgnVCM100000dc0ca8c0RCRD&vgnextoid=66e6e7510551c010VgnVCM2000000c205a0aRCRD";"MARIA DE MOLINA";"CALLE";"V";"26";"1";"Izqda.";"";"";"MADRID";"MADRID";"28006";"CASTELLANA";"SALAMANCA";"442030";"4476758";"40.4375784193194";"-3.6848033506224906";"915 643 613";"";"iran@iransara.es";"/contenido/entidadesYorganismos/OficinasTurismo"; 
7822;"Oficina de Turismo de Israel";"";"";"";"";"";"0";"http://www.madrid.es/sites/v/index.jsp?vgnextchannel=9e4c43db40317010VgnVCM100000dc0ca8c0RCRD&vgnextoid=881d19d41471c010VgnVCM1000000b205a0aRCRD";"";"CALLE";"V";"";"";"";"";"";"MADRID";"MADRID";"28004";"";"";"440558";"4475696";"40.42789840100491";"-3.702046638888977";"915 943 211";"915 944 372";"info-es@goisrael.gov.il";"/contenido/entidadesYorganismos/OficinasTurismo"; 
7823;"Oficina de Turismo de Italia";"";"";"";"Metro: Nuevos Ministerios (lineas 6, 8, 10)  Bus: 7, 14, 27, 40, 126, 147, 150, C1, C2  Cercanias: Nuevos Ministerios";"Otra pagina web:  www.italia.it";"0";"http://www.madrid.es/sites/v/index.jsp?vgnextchannel=9e4c43db40317010VgnVCM100000dc0ca8c0RCRD&vgnextoid=1b2d19d41471c010VgnVCM1000000b205a0aRCRD";"CASTELLANA";"PASEO";"V";"114";"4";"";"";"";"MADRID";"MADRID";"28006";"CASTELLANA";"SALAMANCA";"441909";"4476632";"40.436434892176365";"-3.6862183867739926";"915 670 670";"915 711 579";"infoitalia.madrid@enit.it";"/contenido/entidadesYorganismos/OficinasTurismo"; 
7834;"Oficina de Turismo de Jordania";"";"Consultar telefonicamente";"";"Metro: Retiro (linea 2)  Bus: 1, 9, 19, 51, 74  Renfe: Recoletos";"";"0";"http://www.madrid.es/sites/v/index.jsp?vgnextchannel=9e4c43db40317010VgnVCM100000dc0ca8c0RCRD&vgnextoid=ad3d19d41471c010VgnVCM1000000b205a0aRCRD";"VILLANUEVA";"CALLE";"V";"5";"";"";"";"";"MADRID";"MADRID";"28001";"RECOLETOS";"SALAMANCA";"441780";"4475095";"40.4225708087371";"-3.687598129527758";"917 813 987";"";"spain@visitjordan.com";"/contenido/entidadesYorganismos/OficinasTurismo"; 
5801458;"Oficina de Turismo de La Rioja";"";".";"";"Metro: Serrano (linea 4).  Bus: 1, 5, 9, 14, 19, 21, 27, 45, 51, 53, 74, 150.";"";"0";"http://www.madrid.es/sites/v/index.jsp?vgnextchannel=9e4c43db40317010VgnVCM100000dc0ca8c0RCRD&vgnextoid=5558bc4e9ef0b210VgnVCM1000000b205a0aRCRD";"SERRANO";"CALLE";"V";"25";"";"";"";"";"MADRID";"MADRID";"28001";"RECOLETOS";"SALAMANCA";"441763";"4475542";"40.426596411628736";"-3.687839531572201";"915 764 852";"";"crmadrid@centroriojano.com";"/contenido/entidadesYorganismos/OficinasTurismo"; 
52471;"Oficina de Turismo de Malta";"";"De lunes a viernes de 9 a 14 horas";"";"Metro: Gregorio Maranon (lineas 7, 10), Ruben Dario (linea 5)  Bus: 5, 7, 14, 16, 27, 40, 45, 61, 147, 150";"";"0";"http://www.madrid.es/sites/v/index.jsp?vgnextchannel=9e4c43db40317010VgnVCM100000dc0ca8c0RCRD&vgnextoid=f8f6e7510551c010VgnVCM2000000c205a0aRCRD";"CASTELLANA";"PASEO";"V";"45";"6";"";"";"";"MADRID";"MADRID";"28046";"ALMAGRO";"CHAMBERI";"441615";"4476553";"40.43569358766222";"-3.689677189614338";"913 913 061";"";"maltaembassy.madrid@gov.mt";"/contenido/entidadesYorganismos/OficinasTurismo"; 
7824;"Oficina de Turismo de Marruecos";"";"";"";"Metro: Ventura Rodriguez (linea 3), Plaza de Espana (linea 3)  Bus: 1, 2, 3, 44, 46, 74, 75, 133, 138, 148, C1, C2";"";"0";"http://www.madrid.es/sites/v/index.jsp?vgnextchannel=9e4c43db40317010VgnVCM100000dc0ca8c0RCRD&vgnextoid=9fbd19d41471c010VgnVCM1000000b205a0aRCRD";"VENTURA RODRIGUEZ";"CALLE";"V";"24";"1";"Izq.";"";"";"MADRID";"MADRID";"28008";"ARGUELLES";"MONCLOA-ARAVACA";"439492";"4475294";"40.42420902572595";"-3.714574560417809";"915 412 995";"915 594 594";"sofi@turismomarruecos.com";"/contenido/entidadesYorganismos/OficinasTurismo"; 
7825;"Oficina de Turismo de Mexico";"";"";"";"Metro: Sevilla (linea 2)  Bus: 3, 5, 9, 15, 20, 51, 52, 53, 150, M1";"";"0";"http://www.madrid.es/sites/v/index.jsp?vgnextchannel=9e4c43db40317010VgnVCM100000dc0ca8c0RCRD&vgnextoid=22dd19d41471c010VgnVCM1000000b205a0aRCRD";"SAN JERONIMO";"CARRERA";"V";"46";"2";"A";"";"";"MADRID";"MADRID";"28014";"CORTES";"CENTRO";"440947";"4474378";"40.41605298613373";"-3.697338423479512";"915 611 827 / 915 613 520";"914 110 759";"spain@visitmexico.com";"/contenido/entidadesYorganismos/OficinasTurismo"; 
27326;"Oficina de Turismo de Noruega";"";"";"";"Metro: Colon (linea 4)  Bus: 5, 14, 21, 27, 37, 45, 53, 150  Cercanias: Recoletos";"";"0";"http://www.madrid.es/sites/v/index.jsp?vgnextchannel=9e4c43db40317010VgnVCM100000dc0ca8c0RCRD&vgnextoid=7e78444a2951c010VgnVCM2000000c205a0aRCRD";"COLON";"PLAZA";"V";"2";"20";"";"";"Torre II";"MADRID";"MADRID";"28046";"ALMAGRO";"CHAMBERI";"441500";"4475441";"40.42567707652306";"-3.6909305470033527";"913 440 987";"913 440 947";"";"/contenido/entidadesYorganismos/OficinasTurismo"; 
5405170;"Oficina de Turismo de Nueva York";"";"De lunes a viernes de 9:30 a 17:30 horas";"";"Metro: Cuatro Caminos (linea 1, 2 y 6)  Bus: 3, 45, 64, 66, 124, 127, 128, 149, C1, C2";"";"0";"http://www.madrid.es/sites/v/index.jsp?vgnextchannel=9e4c43db40317010VgnVCM100000dc0ca8c0RCRD&vgnextoid=2e68a3eee7553210VgnVCM2000000c205a0aRCRD";"BRAVO MURILLO";"CALLE";"V";"101";"6";"";"";"OFICINA 3";"MADRID";"MADRID";"28010";"TRAFALGAR";"CHAMBERI";"440696";"4476446";"40.43466453809479";"-3.700501765839506";"914 585 573";"";"nuevayork@aviareps.com";"/contenido/entidadesYorganismos/OficinasTurismo"; 
7826;"Oficina de Turismo de Peru";"";"De lunes a viernes de 9:30 a 14 horas y de 16 a 18:30 horas";"";"Metro: Lista (linea 4)  Bus: 1, 29, 52, 74";"";"0";"http://www.madrid.es/sites/v/index.jsp?vgnextchannel=9e4c43db40317010VgnVCM100000dc0ca8c0RCRD&vgnextoid=b4ed19d41471c010VgnVCM1000000b205a0aRCRD";"MARQUES DE SALAMANCA";"PLAZA";"V";"10";"";"";"";"";"MADRID";"MADRID";"28006";"LISTA";"SALAMANCA";"442490";"4475878";"40.429674007218026";"-3.6792883340980196";"911 937 511";"";"info@oficinacomercialperu.es";"/contenido/entidadesYorganismos/OficinasTurismo"; 
7835;"Oficina de Turismo de Polonia";"";"";"";"Metro: Plaza de Espana (linea 3, 10)  Bus: 1, 2, 3, 44, 46, 74, 75, 133, 138, 148, C1, C2, M2";"";"0";"http://www.madrid.es/sites/v/index.jsp?vgnextchannel=9e4c43db40317010VgnVCM100000dc0ca8c0RCRD&vgnextoid=47fd19d41471c010VgnVCM1000000b205a0aRCRD";"PRINCESA";"CALLE";"V";"3";"";"";"";"";"MADRID";"MADRID";"28008";"ARGUELLES";"MONCLOA-ARAVACA";"439638";"4475352";"40.42474213964734";"-3.7128591034859424";"915 414 808 / 915 414 333";"915 413 423";"info.es@polonia.travel";"/contenido/entidadesYorganismos/OficinasTurismo"; 
5405234;"Oficina de Turismo de Portugal";"";"";"";"Metro: Nunez de Balboa (lineas 5, 9)  Bus: 1, 9, 19, 51, 74";"Otra pagina web:  www.imagesofportugal.com";"0";"http://www.madrid.es/sites/v/index.jsp?vgnextchannel=9e4c43db40317010VgnVCM100000dc0ca8c0RCRD&vgnextoid=f3ad9a4aca553210VgnVCM2000000c205a0aRCRD";"LAGASCA";"CALLE";"V";"88";"4";"B";"";"";"MADRID";"MADRID";"28001";"CASTELLANA";"SALAMANCA";"442027";"4475908";"40.42991206232817";"-3.6847491581278606";"917 617 230";"";"";"/contenido/entidadesYorganismos/OficinasTurismo"; 
7828;"Oficina de Turismo de Puerto Rico";"";"";"";"Metro: Retiro (linea 2), Serrano (linea 4)  Bus: 1, 9, 19, 51, 74  Cercanias: Recoletos";"";"0";"http://www.madrid.es/sites/v/index.jsp?vgnextchannel=9e4c43db40317010VgnVCM100000dc0ca8c0RCRD&vgnextoid=d90e19d41471c010VgnVCM1000000b205a0aRCRD";"CLAUDIO COELLO";"CALLE";"V";"22";"1";"B";"";"";"MADRID";"MADRID";"28001";"RECOLETOS";"SALAMANCA";"441848";"4475150";"40.42308011875367";"-3.686789938909185";"914 312 128";"915 775 260";"puertoricoeuro@prtourism.com";"/contenido/entidadesYorganismos/OficinasTurismo"; 
181856;"Oficina de Turismo de Republica Checa";"";"";"";"Metro: Pio XII (linea 9)  Bus: 16, 29, 70, 107, 150";"";"0";"http://www.madrid.es/sites/v/index.jsp?vgnextchannel=9e4c43db40317010VgnVCM100000dc0ca8c0RCRD&vgnextoid=c9980e4e6d41c010VgnVCM2000000c205a0aRCRD";"PIO XII";"AVENIDA";"V";"22";"";"";"";"";"MADRID";"MADRID";"28016";"NUEVA ESPAnA";"CHAMARTIN";"442892";"4479929";"40.466195029254166";"-3.674926102930997";"913 592 527";"";"madrid@czechtourism.com";"/contenido/entidadesYorganismos/OficinasTurismo"; 
7829;"Oficina de Turismo de Republica Dominicana";"";"";"";"Metro: Ruben Dario (linea 5), Gregrorio Maranon (lineas 7, 10), Nunez de Balboa (lineas 5, 9)  Bus: 5, 9, 14, 16, 19, 27, 45, 51, 61, 150";"";"0";"http://www.madrid.es/sites/v/index.jsp?vgnextchannel=9e4c43db40317010VgnVCM100000dc0ca8c0RCRD&vgnextoid=6c1e19d41471c010VgnVCM1000000b205a0aRCRD";"SERRANO";"CALLE";"V";"114";"2";"Ext. Izqda.";"";"";"MADRID";"MADRID";"28006";"CASTELLANA";"SALAMANCA";"441903";"4476556";"40.43574088970734";"-3.686270282394151";"914 177 375";"915 980 025";"turismodominicano@turdom.e.telefonica.net";"/contenido/entidadesYorganismos/OficinasTurismo"; 
8132969;"Oficina de Turismo de Rumania";"";"";"";"Metro: Lista (linea 4)  Bus: 1, 12, 26, 43, 48, 56, 61, 74, C1, C2";"Otra pagina web:  www.romaniatravel.com";"0";"http://www.madrid.es/sites/v/index.jsp?vgnextchannel=9e4c43db40317010VgnVCM100000dc0ca8c0RCRD&vgnextoid=021399cf56d6e410VgnVCM1000000b205a0aRCRD";"ALCANTARA";"CALLE";"V";"49";"";"";"";"";"MADRID";"MADRID";"28006";"LISTA";"SALAMANCA";"442962";"4475981";"40.43064345216766";"-3.6737334953475242";"914 014 268";"914 027 183";"oficina@rumaniatour.com";"/contenido/entidadesYorganismos/OficinasTurismo"; 
63189;"Oficina de Turismo de Seychelles";"";"";"";"Metro: Arg&uuml;elles (lineas 3, 4, 6)  Bus: 1, 2, 21, 44, 133, C1, C2, M2";"";"0";"http://www.madrid.es/sites/v/index.jsp?vgnextchannel=9e4c43db40317010VgnVCM100000dc0ca8c0RCRD&vgnextoid=1e17e7510551c010VgnVCM2000000c205a0aRCRD";"PRINCESA";"CALLE";"V";"40";"";"";"";"HOTEL HUSA PRINCESA";"MADRID";"MADRID";"28008";"UNIVERSIDAD";"CENTRO";"439439";"4475886";"40.429538155017795";"-3.715255790482151";"917 020 804";"917 022 374";"info@turismoseychelles.com";"/contenido/entidadesYorganismos/OficinasTurismo"; 
5359801;"Oficina de Turismo de Tahiti";"";"Consultar telefonicamente";"";"Metro: Serrano (linea 4)  Bus: 1, 5, 9, 14, 19, 21, 27, 45, 51, 53, 74, 150";"";"0";"http://www.madrid.es/sites/v/index.jsp?vgnextchannel=9e4c43db40317010VgnVCM100000dc0ca8c0RCRD&vgnextoid=90192b0194de1210VgnVCM2000000c205a0aRCRD";"SERRANO";"CALLE";"V";"40";"2";"Dcha.";"";"";"MADRID";"MADRID";"28001";"RECOLETOS";"SALAMANCA";"441788";"4475478";"40.426021621426464";"-3.687538961488509";"915 489 747";"";"info.es@atout-france.fr";"/contenido/entidadesYorganismos/OficinasTurismo"; 
7832;"Oficina de Turismo de Turquia";"";"";"";"Metro: Retiro (linea 2)  Bus: 19";"";"0";"http://www.madrid.es/sites/v/index.jsp?vgnextchannel=9e4c43db40317010VgnVCM100000dc0ca8c0RCRD&vgnextoid=a66e19d41471c010VgnVCM1000000b205a0aRCRD";"ANTONIO MAURA";"CALLE";"V";"18";"2";"D";"";"";"MADRID";"MADRID";"28014";"LOS JERONIMOS";"RETIRO";"441589";"4474411";"40.416395587157496";"-3.6897865586854928";"915 597 014 / 915 597 114 ";"915 476 287";"info@turismodeturquia.com";"/contenido/entidadesYorganismos/OficinasTurismo"; 
7841;"Oficina de Turismo de Tunez";"";"";"";"Metro: San Bernardo (lineas 2, 4)  Bus: 2, 3, 21, 147, M2";"";"0";"http://www.madrid.es/sites/v/index.jsp?vgnextchannel=9e4c43db40317010VgnVCM100000dc0ca8c0RCRD&vgnextoid=145e19d41471c010VgnVCM1000000b205a0aRCRD";"ALBERTO AGUILERA";"CALLE";"V";"11";"1";"C";"";"";"MADRID";"MADRID";"28015";"UNIVERSIDAD";"CENTRO";"439994";"4475897";"40.42967754133076";"-3.7087142557455817";"915 481 435";"915 483 705";"administracion@turismodetunez.com";"/contenido/entidadesYorganismos/OficinasTurismo"; 
5405423;"Oficina de Turismo de Venezuela";"";"Consultar telefonicamente";"";"Metro: Santiago Bernabeu (linea 10)  Bus: 5, 14, 27, 40, 43, 120, 126, 147, 149, 150";"";"0";"http://www.madrid.es/sites/v/index.jsp?vgnextchannel=9e4c43db40317010VgnVCM100000dc0ca8c0RCRD&vgnextoid=2457116bb1653210VgnVCM2000000c205a0aRCRD";"POETA JOAN MARAGALL";"CALLE";"V";"1";"";"";"";"";"MADRID";"MADRID";"28020";"CUATRO CAMINOS";"TETUAN";"441361";"4478506";"40.453269184872156";"-3.6928523641457414";"915 981 200";"";"turismo@embajadadevenezuela.es";"/contenido/entidadesYorganismos/OficinasTurismo"; 
7804;"Oficina de Turismo de la Comunidad de Madrid. Aeropuerto  de Barajas Terminal 1";"";"De lunes a sabados de 9 a 20 horas.  Domingos y festivos de 9 a 14  horas, excepto 1 de mayo, 25 de diciembre y 1 de enero, que permencera cerrada.";"Proporcionan informacion turistica de la Comunidad de Madrid y de los lugares mas representativos de Espana";"Metro: Aeropuerto T1  Bus: 101";"";"0";"http://www.madrid.es/sites/v/index.jsp?vgnextchannel=9e4c43db40317010VgnVCM100000dc0ca8c0RCRD&vgnextoid=305d19d41471c010VgnVCM1000000b205a0aRCRD";"BARAJAS";"AEROPUERTO";"S/N";"0";"";"";"";"Llegadas Internacionales (T1)";"MADRID";"MADRID";"28042";"AEROPUERTO";"BARAJAS";"451801";"4479639";"40.4641393496236";"-3.5698214842707134";"Informacion turistica y cultural: 902 100 007 ";"";"turismo@madrid.org";"/contenido/entidadesYorganismos/OficinasTurismo"; 
190857;"Oficina de Turismo de la Comunidad de Madrid. Aeropuerto de Barajas Terminal 4";"";"Todos los dias de 9 a 20 horas  Cerrado: 1 de mayo, 25 de diciembre y 1 de enero";"Proporcionan informacion turistica de la Comunidad de Madrid y de los lugares mas representativos de Espana";"Metro: Linea 8 - estacion Aeropuerto T-4   Bus: Linea 201 Barajas - Aeropuerto T4";"";"0";"http://www.madrid.es/sites/v/index.jsp?vgnextchannel=9e4c43db40317010VgnVCM100000dc0ca8c0RCRD&vgnextoid=28aa8f79e9c70110VgnVCM1000000b205a0aRCRD";"HISPANIDAD";"AVENIDA";"V";"2";"";"";"";"LLEGADAS INTERNACIONALES T4. Sala 11";"MADRID";"MADRID";"28042";"AEROPUERTO";"BARAJAS";"450422";"4478287";"40.45188738242834";"-3.5859807207200376";"
    
Informacion turistica y cultural: 902 100 007             
";"";"turismo@madrid.org";"/contenido/entidadesYorganismos/OficinasTurismo"; 
6192812;"Oficina de Turismo de la Comunidad de Madrid. Calle Alcala, 31";"";"De lunes a sabados de 9 a 20 horas.  Domingos y festivos de 9 a 14 horas, excepto 1 de mayo, 25 de diciembre y 1 de enero, que permencera cerrada.";"";"Metro: Sevilla (linea 2), Banco de Espana ( linea 2)  Bus: 1, 2, 9, 15, 20, 28, 51, 52, 74, 146, 202";"";"0";"http://www.madrid.es/sites/v/index.jsp?vgnextchannel=9e4c43db40317010VgnVCM100000dc0ca8c0RCRD&vgnextoid=9a0b992ad93d2310VgnVCM2000000c205a0aRCRD";"ALCALA";"CALLE";"V";"31";"";"";"";"";"MADRID";"MADRID";"28014";"CORTES";"CENTRO";"440869";"4474642";"40.41842560545147";"-3.6982941133384717";"Informacion turistica y cultural: 902 100 007            
";"";"turismo@madrid.org";"/contenido/entidadesYorganismos/OficinasTurismo"; 
7808;"Oficina de Turismo de la Comunidad de Madrid. Calle Duque de Medinaceli";"";"De lunes a sabados de 8 a 15 horas.  Domingos y festivos de 9 a 14 horas";"Proporcionan informacion turistica de la Comunidad de Madrid y de los lugares mas representativos de Espana";"Metro: Anton Martin (linea 1), Banco de Espana (linea 2)  Bus: 6, 26, 32, 57";"";"0";"http://www.madrid.es/sites/v/index.jsp?vgnextchannel=9e4c43db40317010VgnVCM100000dc0ca8c0RCRD&vgnextoid=c26d19d41471c010VgnVCM1000000b205a0aRCRD";"DUQUE DE MEDINACELI";"CALLE";"V";"2";"";"";"";"";"MADRID";"MADRID";"28014";"CORTES";"CENTRO";"441062";"4474293";"40.415295360876854";"-3.6959869173057225";"Informacion turistica y cultural:  902 100 007    
";"";"turismo@madrid.org";"/contenido/entidadesYorganismos/OficinasTurismo"; 
68611;"Oficina de Turismo de la Comunidad de Madrid. Estacion Puerta de Atocha";"";"De lunes a sabados de 8 a 20 horas.  Domingos y festivos de 9 a 20 horas, excepto 1 de mayo, 25 de diciembre y 1 de enero, que permencera cerrada.";"";"Metro: Atocha (linea 1)  Bus: 10 , 14 , 19 , 26 , 32 , 37 , 57  Renfe: Atocha";"";"0";"http://www.madrid.es/sites/v/index.jsp?vgnextchannel=9e4c43db40317010VgnVCM100000dc0ca8c0RCRD&vgnextoid=3f1f96e2cf41c010VgnVCM2000000c205a0aRCRD";"EMPERADOR CARLOS V";"PLAZA";"V";"3";"";"";"";"VESTiBULO DE LLEGADA DEL AVE";"MADRID";"MADRID";"28045";"ATOCHA";"ARGANZUELA";"441366";"4473471";"40.4079119564538";"-3.6923163004968975";"Informacion turistica y cultural: 902 100 007";"";"turismo@madrid.org";"/contenido/entidadesYorganismos/OficinasTurismo"; 
7807;"Oficina de Turismo de la Comunidad de Madrid. Estacion de Chamartin";"";"De lunes a sabados de 8 a 20 horas.  Domingos y festivos de 9 a 14 horas, excepto 1 de mayo, 25 de diciembre y 1 de enero, que permanecera cerrada";"Proporcionan informacion turistica de la Comunidad de Madrid y de los lugares mas representativos de Espana";"Metro: Chamartin (lineas 1, 10)  Bus: 5, 80, 66, 124  Renfe: Chamartin";"";"0";"http://www.madrid.es/sites/v/index.jsp?vgnextchannel=9e4c43db40317010VgnVCM100000dc0ca8c0RCRD&vgnextoid=557d19d41471c010VgnVCM1000000b205a0aRCRD";"AGUSTIN DE FOXA";"CALLE";"V";"0";"";"";"";"VESTiBULO CENTRAL. PUERTA 16";"MADRID";"MADRID";"28036";"CASTILLA";"CHAMARTIN";"441753";"4480062";"40.46732300072765";"-3.688361018296722";"Informacion turistica y cultural: 902 100 007 ";"";"turismo@madrid.org";"/contenido/entidadesYorganismos/OficinasTurismo"; 
10129487;"Oficina de Turismo de la Comunidad de Madrid. Estacion de metro Sol";"";"De lunes a sabados de 8 a 20 horas.  Domingos y festivos de 9 a 14 horas.";"Proporcionan informacion turistica de la Comunidad de Madrid y de los lugares mas representativos de Espana";"Metro: Sol (lineas 1, 2, 3)  Bus: 3, 50, 51, 52, 53  Renfe: C3 y C4.";"";"0";"http://www.madrid.es/sites/v/index.jsp?vgnextchannel=9e4c43db40317010VgnVCM100000dc0ca8c0RCRD&vgnextoid=4360fa765cef6510VgnVCM2000001f4a900aRCRD";"PUERTA DEL SOL";"PLAZA";"V";"1";"";"";"";"ESTACIoN DE METRO CERCANiAS SOL. VESTiBULO";"MADRID";"MADRID";"28013";"SOL";"CENTRO";"440530";"4474474";"40.416887979993966";"-3.7022740027977377";"Informacion turistica y cultural: 902 100 007 ";"";"turismo@madrid.org";"/contenido/entidadesYorganismos/OficinasTurismo"; 
6368119;"Oficina de Turismo de la Comunidad de Madrid. Ifema. Feria de Madrid";"";"Los dias en que se celebren ferias: de  lunes a domingos de 11 a 17 horas, excepto 1 de mayo, 25 de diciembre y 1 de enero, que permanecera cerrada.";"";"Metro: Feria de Madrid (linea 8)  Bus: 122, 112, 828";"";"0";"http://www.madrid.es/sites/v/index.jsp?vgnextchannel=9e4c43db40317010VgnVCM100000dc0ca8c0RCRD&vgnextoid=1286c040b8f36310VgnVCM2000000c205a0aRCRD";"PARTENON";"AVENIDA";"V";"5";"";"";"";"FERIA DE MADRID. PASILLO CENTRAL";"MADRID";"MADRID";"28042";"CORRALEJOS";"BARAJAS";"447852";"4479681";"40.46428771594393";"-3.6164023947650836";"Informacion turistica y cultural: 902 100 007";"";"turismo@madrid.org";"/contenido/entidadesYorganismos/OficinasTurismo"; 
5631196;"Punto de Informacion Turistica Aeropuerto Adolfo Suarez Madrid -  Barajas Terminal 2 (Entre salas 5 y 6)";"";"Abierto durante todo el ano ofrece todo lo que el visitante necesita para disfrutar de su estancia.  Horario de atencion al publico de 8 a 21:30 horas, todos los dias del ano.";"Atencion presencial  Autoconsulta  Audiovisuales";"Metro: Aeropuerto T2 (linea 8)  Bus: 200 y autobus Express aeropuerto";"";"0";"http://www.madrid.es/sites/v/index.jsp?vgnextchannel=9e4c43db40317010VgnVCM100000dc0ca8c0RCRD&vgnextoid=88dfad2e06ea7210VgnVCM2000000c205a0aRCRD";"HISPANIDAD";"AVENIDA";"V";"0";"";"";"";"Aeropuerto de Barajas. Salas 5 y 6";"MADRID";"MADRID";"28042";"AEROPUERTO";"BARAJAS";"450422";"4478287";"40.45188738242834";"-3.5859807207200376";"915 787 810";"";"turismo@esmadrid.com";"/contenido/entidadesYorganismos/OficinasTurismo"; 
178759;"Punto de Informacion Turistica Aeropuerto Adolfo Suarez Madrid - Barajas Terminal 4 (Sala 10)";"";"Abierto durante todo el ano ofrece todo lo que el visitante necesita para disfrutar de su estancia.  Horario de atencion al publico de 8 a 21:30 horas, todos los dias del ano.";"Atencion presencial  Autoconsulta  Audiovisuales  Acceso adaptado";"Metro: Aeropuerto T 4 (linea 8)  Bus: 200 y Expres Aeropuerto  Renfe: Aeropuerto T 4";"";"1";"http://www.madrid.es/sites/v/index.jsp?vgnextchannel=9e4c43db40317010VgnVCM100000dc0ca8c0RCRD&vgnextoid=8f871c7a2c61c010VgnVCM1000000b205a0aRCRD";"HISPANIDAD";"AVENIDA";"V";"0";"";"";"";"Aeropuerto de Barajas. Salas 10";"MADRID";"MADRID";"28042";"AEROPUERTO";"BARAJAS";"450422";"4478287";"40.45188738242834";"-3.5859807207200376";"915 787 810";"";"turismo@esmadrid.com";"/contenido/entidadesYorganismos/OficinasTurismo"; 
10085167;"Punto de Informacion Turistica. Atocha (junto al museo Reina Sofia)";"Punto de Informacion Turistica cofinanciado por el Fondo Europeo de Desarrollo Regional.";"Abierto durante todo el ano ofrece todo lo que el visitante necesita para disfrutar de su estancia.  Horario de atencion al publico de 9:30 a 20:30 horas, todos los dias del ano.";"Atencion Presencial  Audiovisuales  WIFI Gratuita  Bucle magnetico";"Metro: Atocha (Linea 1)  Bus: 351, 352, 353  Renfe: Largo recorrido, AVE y cercanias";"";"1";"http://www.madrid.es/sites/v/index.jsp?vgnextchannel=9e4c43db40317010VgnVCM100000dc0ca8c0RCRD&vgnextoid=8321a9a7e3525510VgnVCM2000001f4a900aRCRD";"ATOCHA";"RONDA";"V";"1";"";"";"";"junto al museo Reina Sofia";"MADRID";"MADRID";"28012";"PALOS DE MOGUER";"ARGANZUELA";"441209";"4473391";"40.40718011197082";"-3.6941708773769997";"915 787 810";"";"turismo@esmadrid.com";"/contenido/entidadesYorganismos/OficinasTurismo"; 
7050847;"Punto de Informacion Turistica. Centrocentro";"El espacio de exposiciones CentroCentro, en el Palacio de Cibeles (actual sede del Ayuntamiento de Madrid y antiguo Palacio de Correos) alberga un punto de informacion turistica especializado en informacion artistica y cultural, en pleno Paseo del Arte.";"De martes a domingo de 10 a 20 horas  Cerrado todos los lunes, 1 y 6 de enero, 1 de mayo y 24, 25 y 31 de diciembre  5 de enero abierto de 10 a 14 horas";"Atencion presencial  Autoconsulta  Audiovisuales  Acceso adaptado";"Metro: Banco de Espana (linea 2)  Bus: 1, 2, 5, 9, 10, 15, 20, 27, 34, 37, 45, 51, 52, 53, 74, 146, 150, 202  Renfe: Recoletos";"Descripcion monumental    Arquitecto:  Jacques Marquet (1760 - 1768)  Construido para sede central del Correo. Su estilo es del barroco mas clasico. Destaca la combinacion de materiales, del ladrillo y la piedra con el hierro labrado del balcon y los detalles escultoricos de Antonio Primo. La torrecilla del reloj data del siglo XIX, y fue regalo del relojero Losada.";"1";"http://www.madrid.es/sites/v/index.jsp?vgnextchannel=9e4c43db40317010VgnVCM100000dc0ca8c0RCRD&vgnextoid=81c63eebd56ff310VgnVCM2000000c205a0aRCRD";"CIBELES";"PLAZA";"V";"1";"";"";"";"Palacio de Cibeles";"MADRID";"MADRID";"28014";"LOS JERONIMOS";"RETIRO";"441386";"4474703";"40.419011767401095";"-3.692206111679657";"915 787 810";"";"turismo@esmadrid.com";"/contenido/entidadesYorganismos/OficinasTurismo"; 
10085202;"Punto de Informacion Turistica. Estadio Santiago Bernabeu";"Punto de Informacion Turistica cofinanciado por el Fondo Europeo de Desarrollo Regional.";"Abierto durante todo el ano ofrece todo lo que el visitante necesita para disfrutar de su estancia.  Horario de atencion al publico: de 9:30 a 20:30 horas, todos los dias del ano.";"Atencion Presencial  Audiovisuales  WIFI Gratuita  Bucle magnetico";"Metro: Santiago Bernabeu (linea 10)  Bus: 27, 40, 126, 147 y 150";"";"1";"http://www.madrid.es/sites/v/index.jsp?vgnextchannel=9e4c43db40317010VgnVCM100000dc0ca8c0RCRD&vgnextoid=2da4a9a7e3525510VgnVCM2000001f4a900aRCRD";"CASTELLANA";"PASEO";"V";"138";"";"";"";"junto al Estadio Santiago Bernabeu";"MADRID";"MADRID";"28046";"EL VISO";"CHAMARTIN";"441593";"4478303";"40.451465916355055";"-3.69008606793658";"915 787 810";"";"turismo@esmadrid.com";"/contenido/entidadesYorganismos/OficinasTurismo"; 
10085398;"Punto de Informacion Turistica. Paseo del Prado";"Punto de Informacion Turistica cofinanciado por el Fondo Europeo de Desarrollo Regional.";"Abierto durante todo el ano ofrece todo lo que el visitante necesita para disfrutar de su estancia.  Horario de atencion al publico de 9:30 a 20:30 horas, todos los dias del ano.";"Atencion presencial    Audiovisuales   WIFI Gratuita  Bucle magnetico  Punto de venta de la tarjeta Madrid Card y del Madrid City Tour (Solo pago con tarjeta de credito)";"Metro: Banco de Espana (linea 2)  Bus: 10, 14, 27, 34, 37, 45, N9, N10, N11, N12, N13, N14, N15, N17 y N25";"";"1";"http://www.madrid.es/sites/v/index.jsp?vgnextchannel=9e4c43db40317010VgnVCM100000dc0ca8c0RCRD&vgnextoid=1f6bdae9bb525510VgnVCM2000001f4a900aRCRD";"NEPTUNO";"PLAZA";"V";"1";"";"";"";"FRENTE AL MUSEO DEL PRADO";"MADRID";"MADRID";"28014";"LOS JERONIMOS";"RETIRO";"441386";"4474466";"40.41688576337496";"-3.692184322678944";"915 787 810";"";"turismo@esmadrid.com";"/contenido/entidadesYorganismos/OficinasTurismo"; 
171082;"Punto de Informacion Turistica. Plaza de Callao";"Punto de Informacion Turistica cofinanciado por el Fondo Europeo de Desarrollo Regional.";"Abierto durante todo el ano ofrece todo lo que el visitante necesita para disfrutar de su estancia.  Horario de atencion al publico de 9:30 a 20:30 horas, todos los dias del ano.";"Atencion Presencial  Audiovisuales  WIFI Gratuita  Bucle magnetico   Punto de venta de la tarjeta Madrid Card y del Madrid City Tour (solo pago con tarjeta de credito)";"Metro: Callao (lineas 1, 3, 5)  Bus: 1, 2, 44, 46, 74, 75, 146, 147, 148, 133 y 202";"";"1";"http://www.madrid.es/sites/v/index.jsp?vgnextchannel=9e4c43db40317010VgnVCM100000dc0ca8c0RCRD&vgnextoid=acf029ea9281c010VgnVCM1000000b205a0aRCRD";"CALLAO";"PLAZA";"V";"1";"";"";"";"";"MADRID";"MADRID";"28013";"SOL";"CENTRO";"440205";"4474794";"40.41974735763767";"-3.7061346665078845";"915 787 810";"";"turismo@esmadrid.com";"/contenido/entidadesYorganismos/OficinasTurismo"; 
4629416;"Punto de Informacion Turistica. Recoletos-Colon";"Punto de Informacion Turistica cofinanciado por el Fondo Europeo de Desarrollo Regional.";"Abierto durante todo el ano ofrece todo lo que el visitante necesita para disfrutar de su estancia.   Horario de atencion al publico de 9:30 a 20:30 horas, todos los dias del ano.";"Atencion Presencial  Audiovisuales  WIFI Gratuita  Bucle magnetico";"Metro: Colon ( linea 4)  Bus: 5,14, 27, 37, 45, 53, 150  Renfe: Recoletos ( lineas: C1, C7, C2, C8, C10 y regional)";"";"1";"http://www.madrid.es/sites/v/index.jsp?vgnextchannel=9e4c43db40317010VgnVCM100000dc0ca8c0RCRD&vgnextoid=d4f94e40c7294110VgnVCM1000000b205a0aRCRD";"RECOLETOS";"PASEO";"V";"23";"";"";"";"";"MADRID";"MADRID";"28004";"JUSTICIA";"CENTRO";"441391";"4475101";"40.422597498148065";"-3.6921839265043257";"915 787 810";"";"turismo@esmadrid.com";"/contenido/entidadesYorganismos/OficinasTurismo"; 
4629537;"Servicio de Atencion al Turista Extranjero (SATE). Comisaria de Centro";"El servicio de Atencion al Turista Extranjero -SATE- es un servicio especializado gestionado por la Empresa Municipal Madrid Destino en colaboracion con funcionarios del Cuerpo Nacional de Policia. Tiene por finalidad atender al turista que, durante su estancia en Madrid, haya vivido una situacion excepcional y requiera de apoyo policial. Entre las funciones del servicio destaca el apoyo en tramites policiales, la localizacion de familiares, la cancelacion de tarjetas de credito, el contacto con embajadas y consulados, informacion turistica y otros.";"Horario de atencion al publico de 9 a 00:00 horas, todos los dias del ano.";"";"Metro: plaza de Espana (lineas 3, 10), Santo Domingo (linea 2), Callao (lineas 3, 5)  Bus: 1, 2, 25, 39, 44, 46, 74, 75, 138, 148, 202";"";"0";"http://www.madrid.es/sites/v/index.jsp?vgnextchannel=9e4c43db40317010VgnVCM100000dc0ca8c0RCRD&vgnextoid=d37386bde6594110VgnVCM1000000b205a0aRCRD";"LEGANITOS";"CALLE";"V";"19";"";"";"";"Comisaria";"MADRID";"MADRID";"28013";"PALACIO";"CENTRO";"439863";"4475000";"40.421578408057876";"-3.7101852392954386";"915 787 810";"";"satemadrid@esmadrid.com";"/contenido/entidadesYorganismos/AyuntamientoMadrid/OtrasEntidadesAdministrativasAyto"; 
4977096;"Unidad Movil de informacion turistica de Madrid";"Encuentrame, siempre en movimiento.";"Horario de atencion al publico de 9:30 a 20:30, todos los dias del ano.";"Punto itinerante de informacion turistica de la ciudad de Madrid con atencion presencial y personalizada en varios idiomas  Durante todo el ano se situa junto a monumentos y edificios de gran afluencia turistica como el Palacio Real, el Museo del Prado, Puerta del Sol y presta un servicio informativo de apoyo a los Servicios de Atencion e Informacion Turistica en las campanas especiales que se llevan a cabo con motivo de las diferentes celebraciones que tienen lugar en nuestra ciudad (Dia del Libro, Semana del Orgullo Gay, Dia Mundial del Turismo, Festival Internacional de Jazz, ...)  Servicios:  atencion presencial  autoconsulta  bucle magnetico";"";"";"0";"http://www.madrid.es/sites/v/index.jsp?vgnextchannel=9e4c43db40317010VgnVCM100000dc0ca8c0RCRD&vgnextoid=83f9cb82f05db110VgnVCM1000000b205a0aRCRD";"";"Punto itinerante";"";"";"";"";"";"";"MADRID";"MADRID";"";"";"";"0";"0";"";"";"";"";"";"/contenido/entidadesYorganismos/OficinasTurismo"; 
1637;"Xunta de Galicia. Oficina de Turismo.";"";"Atencion a la ciudadania:  de lunes a viernes de 9 a 14 horas   Exposiciones:   De lunes a sabado de 10 a 14 y de 16 a 20 horas.  Domingos y festivos de 10 a 14 horas.";"";"Bus: 10 , 14 , 19 , 27 , 34 , 37 , 45";"";"0";"http://www.madrid.es/sites/v/index.jsp?vgnextchannel=9e4c43db40317010VgnVCM100000dc0ca8c0RCRD&vgnextoid=b6f40a47f441f010VgnVCM2000000c205a0aRCRD";"CASADO DEL ALISAL";"CALLE";"V";"8";"";"";"";"";"MADRID";"MADRID";"28014";"LOS JERONIMOS";"RETIRO";"441517";"4474128";"40.413841115871094";"-3.6906090973201957";"915 954 200 (centralita) / 915 954 214 (turismo)";"";"ot.gal.madrid@xunta.es";"/contenido/entidadesYorganismos/OficinasTurismo";
